abiogen gliconorm 5mg+500mg tab,,12,5770,69240,2027-09-30
abiogen dibase 300.000 IU amp,,3,8527,25581,2028-07-30
Abdiibrahim Nebeta 5 mg tab,,0,8828,0,2028-04-30
Abdiibrahim epixx 500mg,8699514096535,0,17670,0,2027-01-30
Abdiibrahim onceAir 10mg tab,8699514096092,2,10751,21502,2027-06-30
Abdiibrahim onceAir pedi 4mg tab,8699514240013,3,12265,36795,2027-07-30
Abdiibrahim Tensart 16 mg tab,,0,7503,0,2027-05-30
Abdiibrahim Lifta 5 mg tab,8699514093367,0,20677,0,2027-02-28
Abdiibrahim Tensart 8 mg tab,8699514011682,0,5737,0,2027-06-30
Abdiibrahim lifta 20 mg tab,8699514090137,0,6330,0,2028-02-28
Asia Retane 20 mg Softgel Cap,6211170027665,0,19260,0,2027-10-30
Astellas vesicare 5mg tab,8718692510173,0,39216,0,2028-09-30
Astellas Omnic Ocas 0.4 mg tab,,0,20657,0,2028-06-30
Abbott Lipanthyl 200 mg,,0,17385,0,2028-08-30
Abbott Duphalac 667 mg Syrup 300 ml,8002660031754,0,7483,0,2027-08-30
Aswar AS-Medozal 200mg/5ml Suspension,9644451215784,97,1050,101850,2028-04-30
Atabay Klavunat 1000 mg 10 Film Coated Tablets,8699717090064,34,4938,167892,2028-01-30
Atabay Klavunat 625 mg 10 Film Coated Tablets,8699717090132,35,4170,145950,2028-01-30
Aurobindo Auroxetil 500 mg 10 Tab,8901175019816,20,6320,126400,2028-11-30
Aurobindo Koact 1000 mg Tab,8901175021376,73,3841,280393,2027-09-30
Aurobindo Koact 625 mg Tab,8901175016181,16,2831,45296,2027-09-30
Aurobindo Z Mox 500 mg Capsules,8901175011292,0,8559,0,2027-04-30
Ajanta Diazac M ER 10/1000,,0,28890,0,2027-10-30
Ajanta zaha 250 mg tab,8901111001370,30,2172,65160,2028-03-30
Ajanta zaha 500mg,8901111000861,149,3731,555919,2027-02-02
Ajanta actinac plus tab,8901111003305,256,5795,1483520,2028-06-30
Ajanta zaha 200mg/5ml susp,8901111045718,80,2633,210640,2028-07-30
Ajanta apcalis-sx 10mg,8901111000151,70,1646,115220,2028-04-30
Ajanta apcalis-sx 20mg,8901111000168,102,2540,259080,2028-04-30
Ajanta Empadil 10/5 mg tab Empag+Linag,,0,26964,0,2027-12-30
Ajanta pacroma 1% 30 g Cream,8901111014110,35,12271,429485,2027-11-30
Ajanta Sitapril M 50/1000 mg tab,8901111076866,0,18100,0,2027-11-30
Ajanta Sitapril M OD 100/1000 mg,8901111085738,0,21066,0,2027-11-30
Ajanta amaday 5mg,,50,993,49650,2028-10-30
Ajanta amaday 10mg,8901111571118,24,1032,24768,2027-07-30
Ajanta aprazole 40mg علبة,8901111985113,114,1514,172596,2028-09-30
Ajanta aprazole 40mg شريط,8901111591215,86,1552,133472,2028-04-30
Ajanta aprazole 20mg علبة,8901111978115,93,1295,120435,2028-09-30
Ajanta aprazole 20mg شريط,8901111701119,180,1317,237060,2028-06-30
Ajanta vildaril M,,0,8432,0,2027-05-30
Ajanta levotop 500mg,8901111001721,0,3700,0,2028-05-30
Ajanta tyflox 500mg,8901111001783,44,1190,52360,2027-10-30
Ajanta brinzox 1.0% drop,8901111012116,23,6150,141450,2027-05-30
Ajanta optifenac 25mg,8901111398128,51,1894,96594,2027-08-30
Ajanta apcycline 250mg,8901111256121,7,3950,27650,2028-09-30
Ajanta lacoma-t,8901111090114,30,6671,200130,2027-05-30
Ajanta esmoloc 40,8901111073728,0,4916,0,2027-06-30
Ajanta loxim 7.5mg,8901111827123,43,878,37754,2028-06-30
Ajanta loxim 15mg,8901111827215,77,1097,84469,2028-06-30
Ajanta fixim 400 cap,8901111083598,135,3311,446985,2028-11-30
Ajanta fixim 200mg cap,8901111083581,12,2414,28968,2028-09-30
Ajanta Viagra 100mg oral jelly,8901111046234,88,6790,597520,2027-09-30
Ajanta Viagra 50mg oral jelly,8901111006702,90,6105,549450,2027-09-30
Ajanta lastavin AM 5/160 tab,8901111051368,33,9875,325875,2028-02-28
Ajanta lastavin AM 10/160 tab,8901111051375,35,10424,364840,2028-02-29
Ajanta lastavin HTZ 80/12.5,8901111051344,45,4829,217305,2028-02-28
Ajanta kamagra 100 tab,8901111175118,44,1865,82060,2028-06-30
Ajanta kamagra 50 tab,8901111174111,162,1317,213354,2028-04-30
Ajanta novaten 100mg,8901111350133,80,1426,114080,2027-06-30
Ajanta novaten 50mg,8901111349137,95,1141,108395,2028-06-30
Ajanta apifen 400mg,8901111264126,11,4083,44913,2029-09-30
Ajanta apifen 200mg,8901111263129,56,2798,156688,2027-09-30
Ajanta perobar 2.5% soap,8901111003626,0,4458,0,2028-10-30
Ajanta perobar 5% soap,8901111003633,101,5075,512575,2028-10-30
Ajanta meflam 500mg,8901111081129,82,4828,395896,2027-09-30
Ajanta aquasoft savon 75g soap,8901111002711,101,2960,298960,2028-07-30
Ajanta aquasoft creem 15% 100g cream,8901111053850,70,4757,332990,2028-05-30
Ajanta aquasoft creem 15% 50g cream,8901111080122,70,3260,228200,2028-06-02
Ajanta Aquasoft Max 60g cream,8901111045398,95,4152,394440,2028-08-30
Ajanta Lisnop 10 mg tab,8901111572115,47,2546,119662,2029-08-30
acino upsysto 20mg tab,,4,6621,26484,2027-08-30
acino bactiflox Neo750mg tab,7640153087416,27,13440,362880,2030-08-30
acino bactiflox Neo 500mg tab,7640153087409,67,10593,709731,2030-08-30
acino Cardex Plus 5/12.5 mg tab,7640153087676,39,10482,408798,2030-03-01
acino olfen 140mg patch,7640153080592,27,12476,336852,2027-08-30
acino metracin 100mg,7640153082718,37,10635,393495,2027-11-30
acino Cardex 10mg 30 tab,7640153087621,10,7318,73180,2028-07-17
acino paraconica 1000mg iv vial,7640153083128,40,3643,145720,2027-10-30
acino Cardex 2.5mg tab,7640153087607,53,3171,168063,2028-08-30
acino Cardex 5mg tab,7640153087614,61,4657,284077,2028-08-30
acino Clopacin 75mg 28 tab,7640153080981,0,12406,0,2028-02-05
acino CoAmox 1000mg 14 tabs,7640153081490,209,12052,2518868,2027-06-05
acino controloc 20mg tab,,0,8010,0,2028-07-30
acino controloc40mg tab,,0,10360,0,2028-09-30
acino roxytor 10mg tab,,2,6364,12728,2027-05-30
acino movicol sachet,7640153088826,17,14474,246058,2028-12-30
acino roxytor 40mg tab,,2,13498,26996,2028-06-30
acino CoAmox 457mg 70ml Susp,7640153081636,53,9217,488501,2028-02-12
acino Gasec 20mg,7640153082848,20,6290,125800,2028-03-30
acino Lofral 10mg tabs,7640153080325,120,10424,1250880,2027-09-09
acino Lofral 5mg tab,7640153080349,0,8316,0,2027-07-07
acino Mesporin 1000 IM Vial,7640153081360,24,7790,186960,2027-06-06
acino Mesporin 1000 IV Vial,,0,7962,0,2028-06-01
acino Mesporin 500 IM Vial,,0,4855,0,2028-01-30
acino Metracin 50mg,7640153082701,72,7318,526896,2028-10-09
acino Neurorubine Plus IM,,0,4455,0,2027-07-07
acino Neurorubine Forte 20 tab,7640153087874,230,5433,1249590,2027-04-28
acino Olfen 1% Gel 50g,7640153080561,119,5100,606900,2028-05-30
acino Olfen 50mg tabs,7640153080653,52,4413,229476,2030-02-02
acino Olfen-100 SR Caps,7640153080622,215,6786,1458990,2027-09-05
acino Uvamin retard Caps,7640153080783,71,7740,549540,2028-05-30
acino Zamur 500mg Tab,7640153080875,0,11786,0,2028-04-11
astrazeneca xigduo XR 10mg/1000mg tab,5000456007870,4,55513,222052,2028-11-30
astrazeneca crestor 10mg tab,,0,12271,0,2028-04-30
astrazeneca crestor 20mg tab,,0,20677,0,2028-06-30
astrazeneca crestor 40mg tab,,0,29388,0,2027-05-31
astrazeneca Betaloc ZOK 100 mg tab,7321839720154,20,13805,276100,2028-08-30
astrazeneca Betaloc ZOK 50 mg tab,7321839720185,0,10431,0,2028-08-30
astrazeneca Betaloc ZOK 25mg tab,7321839722103,6,3950,23700,2028-05-30
astrazeneca Nexium 10 mg Sachet,5000456060486,8,34757,278056,2028-09-30
astrazeneca arimidex 1mg,,0,64155,0,2030-06-30
astrazeneca nexium 20mg,,0,10431,0,2027-08-30
astrazeneca nexium 40mg,5000456060448,0,13089,0,2027-10-30
Bristol Atenolol 100mg Tab,,0,1800,0,2026-12-30
Bristol Atenolol 50mg Tab,,0,1921,0,2026-11-30
Boehringer Mobic 15 mg tab,4048846023285,0,11862,0,2028-01-30
Boehringer Mobic 7.5 mg tab,,0,8866,0,2027-12-30
Boehringer Twynsta 80/5 mg tab,,0,22764,0,2028-06-30
Boehringer Twynsta 80/10 mg tab,,0,22539,0,2028-01-30
Bioactive BioDy 25000IU Softgels,5900168352278,21,26250,551250,2028-05-30
Bioactive panzol 20mg tab,8699578043438,21,7875,165375,2027-05-30
Bioactive panzol 40mg tab,8699578043414,20,8400,168000,2028-06-30
Bioactive BioGinKo plus tab,5900168352209,7,11550,80850,2028-01-30
Bioactive bioflex plus cream,676194200252,40,12840,513600,2028-10-30
Bayer Diane 35 mg tab,,0,7703,0,2028-03-30
Bayer Xarelto 20 mg tab Rivaroxaban,,0,90645,0,2028-05-30
Bayer Yasmin tab,,0,10240,0,2028-10-30
Bayer priorin N,,0,57700,0,2027-04-01
Bayer primolut N 5mg tab,,0,7835,0,2030-10-30
Bayer aspirin 100mg tab,,360,2428,874080,2027-07-30
Bayer bepanthen protective Baby 30g,,21,4500,94500,2027-09-30
Bayer bepanthen cream 30g,,165,4944,815760,2027-09-30
Bayer clarinase tab,,77,7283,560791,2028-03-30
Bayer Microgynon ED tab,,0,7125,0,2030-07-30
Bayer Rennie Chewable 96 tab,,303,5333,1615899,2029-10-30
Brawn Achee cold&flu tab,,32,2250,72000,2027-05-30
Brawn Achee Sinus cold&flu tab,,129,1900,245100,2027-03-30
Brawn brustil 1mg/1ml oral drop,,83,1645,136535,2027-07-30
Brawn calamine lotion 100ml,,28,1537,43036,2028-10-30
Brawn canstran 100mg viginal tab,8902399001939,0,1258,0,2028-08-30
Brawn dermoran cream,8902399003582,0,795,0,2028-03-30
Brawn dermoran oint 25g,8902399003575,100,1097,109700,2028-03-30
Brawn fluconazole 150mg 1cap,8902399003926,0,773,0,2028-08-30
Brawn mefstan 500mg tab,,0,3950,0,2027-03-30
Brawn mica 500/2ml IM.IV 1*10 Vial,8902399003384,0,1509,0,2027-07-30
Brawn proctobran oint,,88,1105,97240,2028-08-30
Brawn Avir cream,,0,1427,0,2027-05-30
Brawn L-15,,0,1815,0,2027-02-28
Brawn azibru 500mg,,0,1580,0,2026-08-08
Brawn azibru 200 oral,,0,2571,0,2026-11-30
Brawn quatrobrawn cream 15g,8902399003490,25,1097,27425,2028-08-30
Brawn diclobran 1% gel 25g,8902399003964,7,1331,9317,2028-08-30
Brawn Vermx oral susp,,0,850,0,2027-03-30
Brawn Loraten 10mg tab,,0,950,0,2028-03-31
Brawn vermx 200mg tab,,0,700,0,2027-01-06
El-Nile Isilin 120 ml Syrup,6221077059034,114,2900,330600,2027-08-30
lilly humalog 100 kwjkpe 100 unit,,4,12981,51924,2027-11-30
micro fexofast-120 tab,8901302054727,0,1905,0,2027-03-30
micro pantofage 20,,0,4416,0,2026-10-30
micro etorica 90mg tab,8901302111970,35,5706,199710,2027-11-30
micro fungicon 150mg,8901302099629,0,642,0,2027-06-30
micro pantofage 40,,0,5512,0,2026-10-30
MICRO Supixime 400 cap,8901302099100,0,3470,0,2027-02-02
MICRO Pulmoxyl-500mg,8901302098172,1017,8283,8423811,2028-05-01
MICRO Angizaar 50mg,8901302098271,11,5595,61545,2028-07-07
MICRO apivas 5,8901302203118,16,22745,363920,2028-06-30
MICRO apivas 2.5,8901302203101,19,20678,392882,2028-01-30
MICRO Angizaar-H,8901302097151,106,6489,687834,2028-05-05
MICRO Avas 20mg,8901302097571,41,5706,233946,2028-08-12
MICRO Avas 40mg,8901302097540,0,7681,0,2028-08-30
MICRO Avas-10mg,8901302098325,26,3292,85592,2027-07-04
MICRO amlong 5mg,8901302051115,29,877,25433,2028-09-30
MICRO Azilide Azithromycin 500mg,,0,1894,0,2027-02-12
MICRO Bactoclav 1000mg,8901302124307,325,6364,2068300,2027-07-11
MICRO Bactoclav 625mg,8901302123126,336,6008,2018688,2027-09-30
MICRO Cefex 500mg,8901302054246,162,10746,1740852,2028-01-30
MICRO Divon K 50mg tab,8901302203767,175,910,159250,2027-05-30
MICRO Divon SR 100mg,8901302097618,0,873,0,2027-01-03
MICRO Esofag 40mg,8901302098233,13,4339,56407,2026-11-13
MICRO Esofag 20mg,8901302098226,37,2968,109816,2026-11-11
MICRO Hipril-A,8901302100608,0,7379,0,2028-01-01
MICRO Mefril 250mg,8901302099025,15,3042,45630,2028-04-30
MICRO Mefril 500mg,8901302099605,115,4611,530265,2028-09-30
MICRO Microflox Ciprofloxacin 500mg,8901302056981,23,974,22402,2028-05-30
MICRO Plagerine 75mg,8901302097304,88,7681,675928,2027-03-30
MICRO nebilong 5mg,8901302059234,10,7241,72410,2028-07-07
MICRO Supixime 100mg/5ml Dry,8901302097557,569,3511,1997759,2028-06-30
Pioneer piopenem 1000mg IV 1vial,,0,6205,0,2027-02-02
Pioneer Horse man 20mg,6251875001577,62,2947,182714,2027-11-11
pioneer Acilox plus syrup,,0,1884,0,2027-03-30
Pioneer Acilox plus tab,6251875001621,10,2199,21990,2026-11-01
pioneer prednicort 20 mg,6251875002116,139,3185,442715,2027-10-30
Pioneer X-cough 100 ml syrup,6251875001102,0,1167,0,2029-01-30
Pioneer Exvent Syrup,6251875000778,60,1224,73440,2028-08-30
Pioneer Levemax 500mg tab,6251875001959,16,13072,209152,2027-10-01
Pioneer Pioverin 135mg tab,6251875000723,24,3999,95976,2027-07-01
Pioneer Chlomal 4mg tab,6251875002178,48,1360,65280,2027-04-30
pioneer Pioxiga 10mg,6251875002994,1,22950,22950,2027-11-11
Pioneer Levemax 100ml syrup,6251875001935,30,9416,282480,2027-07-01
Pioneer sitavia 50 mg tab,6251875001669,14,10095,141330,2028-01-31
Pioneer sitavia 100,,0,14307,0,2028-01-30
Pioneer pioprazole 20,6251875000709,25,1538,38450,2027-06-30
Pioneer no-vomit 8 tab,6251875001614,20,4285,85700,2028-02-28
Pioneer pioprazole 40,6251875000938,37,3520,130240,2027-04-30
Pioneer losart 100,6251875000068,60,5800,348000,2027-08-30
Pioneer losart -h 50/12.5,6251875000198,45,6042,271890,2027-10-30
Pioneer piloric 300 tab,6251875002826,20,2800,56000,2027-12-30
pioneer piocine syrup,6251875000679,10,2000,20000,2028-03-30
pioneer piocine tab,6251875000655,3,2800,8400,2028-03-30
Pioneer Piocine 20 mg amp,6251875002468,16,2600,41600,2027-07-07
Pioneer Painoxio 90mg,6251875001881,21,9138,191898,2027-04-12
Pioneer NO-VOMIT 8 mg amp,6251875002437,23,5465,125695,2027-10-10
pioneer Movineer 7.5,6251875000044,46,2575,118450,2028-06-30
pioneer Movineer 15,6251875000051,53,3180,168540,2028-01-01
pioneer Piostan 500mg tab,6251875000105,15,1592,23880,2028-01-01
Pioneer Piodol Extra tab,6251875001447,143,1423,203489,2027-05-30
Pioneer Piodol Advance 500mg tab,6251875001287,57,1146,65322,2028-03-01
Pioneer Montix 5mg tab,6251875000464,9,7398,66582,2027-06-30
Pioneer Montix 10mg tab,6251875000624,35,8200,287000,2027-07-07
Pioneer Losart-H 100/25mg tab,6251875000204,10,7438,74380,2027-02-28
Pioneer Piodol cold&flu DAY tab,6251875001300,50,2250,112500,2028-02-29
Pioneer sitavia plus 50/500,6251875001676,13,17553,228189,2027-10-10
Pioneer sitavia plus 50/1000,6251875001683,12,15000,180000,2028-12-30
pioeer prednicort 5mg,6251875001768,47,10370,487390,2027-11-30
Pioneer plavineer 75mg,6251875001539,34,9612,326808,2027-09-09
Jpm Azox 500mg Tab,6251154278010,32,4170,133440,2027-12-12
Stragen Katya,5060098730284,11,19389,213279,2027-12-12
Stragen Sunya,5060098730475,11,18395,202345,2028-03-30
UROKPHARMA esorok 20mg,,6,7128,42768,2027-07-30
MUP Mobitil Meloxicam 15mg Amp,6221508171410,170,2911,494870,2028-02-28
MUP MICONAZ miconazole 2% Oral gel,6221508200516,204,1687,344148,2028-01-30
MUP farex 200/30mg tab,6221508019415,105,2538,266490,2027-09-30
MUP sediproct rectal cream,6221508121118,8,2672,21376,2027-04-30
MUP Azaderm Azelaic Acid 20% Cream 30g,6221508121217,6,5173,31038,2027-12-12
Farmak Farmazoline nasal 0.1% drop,4823002238709,9,2693,24237,2028-03-31
Farmak Lamicon Terbinafine 1% Cream 15g,4823002237931,10,4454,44540,2027-10-10
GSK Voltaren Emulgel 100g,6291109120636,4,19644,78576,2028-04-30
turkuaz minoxidil plus 10% spray,8698712459791,50,12395,619750,2029-01-28
turkuaz minoxidil plus 5% spray,8698712455427,50,10810,540500,2029-01-28
turkuaz minoxidil plus 2% spray,8698712456523,20,9795,195900,2029-01-28
turkuaz Plant Coal tar SHAMPOO 200ml,,20,8506,170120,2028-03-08
Turkuaz Gyno Foam 200 ml,8698712454475,108,6795,733860,2028-05-12
turkuaz gyno baking soda antifungal soap,8698712451313,114,2805,319770,2029-05-05
Turkuaz stoplice tea tree oil wash,8698712451276,95,3906,371070,2029-03-03
Turkuaz joy drops delay spray 30 ml,,20,5029,100580,2029-03-30
Turkuaz magic cream 50 g,,20,7276,145520,2028-05-30
Turkuaz man foam,,20,6574,131480,2028-05-01
Turkuaz acne off sap,,50,5885,294250,2028-06-30
Turkuaz GynoVinegar vag douche,8698712455434,11,2744,30184,2027-01-31
مزلق اطعام Turkuaz,8698712453256,5,4866,24330,2026-12-12
al kindi tussiam syrup,301002101102017,7,1225,8575,2028-06-30
SDI Zinc 50mg - 30 Tab Gluconate,100171230067,7,4675,32725,2029-05-30
sdi pulmocodin syrup,300841050012,13,1920,24960,2027-02-02
SDI DEXON Syrup,300884270019,5,1000,5000,2028-03-03
lion pharma Orogel-mcl gel 15g,8906145220452,200,4465,893000,2027-01-01
Pharmaline Aquaderm Cream 240 ml Moist,5281019047650,13,13375,173875,2028-02-29
Pharmaline Ostrong 60 tab Calcium + Vit D3,5281019902966,39,9129,356031,2028-10-30
Pharmaline Septidyne 10% 100 ml,,7,1654,11578,2028-03-30
Pharmaline Skinheal 0.25% oint 30g,5281019909507,3,5487,16461,2027-07-30
Pharmaline Unazol 150 mg cap,5281019904984,268,1862,499016,2027-12-30
hi pharma orastatin 100000U/ML,6224001050343,50,2208,110400,2029-05-30
hi pharma Nasostop 0.1 nasal drop,6224001050312,154,1877,289058,2028-09-30
ZAK 240ml,,1,1500,1500,2027-12-01
sedico biomox 500mg IM.IV vial,,300,1380,414000,2028-09-30
Biomox 1000mg I.M.I.V 1vial,6221042430011,31,1821,56451,2027-03-03
Health Well Nazowell 150mg cap,6224000911713,211,2206,465466,2029-05-30
MARKSANS Sterilised Water for Injection 100 x 5ml,,2,6795,13590,2028-01-01
LONDON MEDICALS Dalvit D3 300.000 IU/1ml amp,5096091330350,145,1498,217210,2027-04-30
Eipico Optigent 0.3% Eye Ointment,6221032340047,18,1656,29808,2029-03-30
Eipico cetal extra,6221032118202,5,2040,10200,2027-04-30
United hi-dee 10000,6251653220305,83,11227,931841,2028-06-30
United hi-dee 50000,6251653220404,65,11930,775450,2028-11-30
United hi-dee 5000,6251653220206,62,9875,612250,2027-02-28
United Co_Anginet 160/12.5mg,6251653070108,21,10073,211533,2028-04-04
United anginet 80mg,6251653060109,28,7611,213108,2027-09-09
United Osteo-Alfa 0.25mg tab,6251158710004,47,6254,293938,2028-09-30
United Co-Anginaet 160/25 mg tab,6251653070207,34,10073,342482,2028-08-08
United suraxim 400 mg,6251158880011,457,4477,2045989,2027-07-07
United Atoxia 120 mg tab,6251653190219,45,5772,259740,2028-09-30
United Atoxia 60 mg ta,6251653190004,82,5003,410246,2028-08-30
United Atoxia 90 mg tab,6251653190103,147,5640,829080,2028-10-30
United Candizol Oral Gel 40 g,6251158490401,17,2897,49249,2028-07-30
United Gyno-Candizol 400 mg Vag Cap,6251158490203,78,2546,198588,2028-12-30
United Ruxid 300 mg 7 tab,6251158270119,12,6584,79008,2027-02-28
United Senergy 10/160 mg tab,6251653300106,9,14317,128853,2027-09-28
United Senergy Plus 10/160/12.5 mg,6251653300403,40,15953,638120,2027-11-30
United Senergy Plus 5/160/25 mg,6251653300502,30,15136,454080,2027-11-30
United Taskine children 100mg/5ml,6251910000343,90,1942,174780,2027-09-30
Du - Samiluxin syrup x100ml,6251875001621,16,2040,32640,2027-01-01
urok Diflurok 150mg cap,,38,1347,51186,2028-12-12
Safa Flucure tab,,1,15147,15147,2027-05-31
nefopar lion pharma,8906145220841,60,11400,684000,2027-06-30
furalgin forta,2025010609065,32,1200,38400,2028-06-30
rezolex tab,,90,16300,1467000,2027-10-30
GNP EGYPT KERELLA 30ML LOTION,6223002146215,26,2799,72774,2027-10-01
Azithro syrup scilife,,211,3866,815726,2027-05-05
EGPI fusidic acid 2% 20mg,6223003932916,7,2026,14182,2027-10-30
pioneer DEXACURE 0.1% DROPS,6251875003526,42,1232,51744,2028-07-30
pioneer piogent 0.3% drops,6251875002307,16,999,15984,2027-04-30
pioneer CIPRONEER DROPS,6251875002215,18,2154,38772,2027-12-30
pioneer N.S 500ml,,1630,600,978000,2027-11-30
pioneer piostan syrup,,83,1561,129563,2027-03-30
pioneer decopect syrup,,118,1334,157412,2028-05-30
pioneer chlomal syrup,,320,989,316480,2027-10-30
pioeer dexacure syrup,,392,889,348488,2028-07-30
pioneer no-vomit syrup,,124,3214,398536,2028-01-30
Pioneer motidon syrup,,60,1424,85440,2028-05-30
pioeer prdnicort syrup,,200,2223,444600,2028-07-30
sdi antoperas,,30,525,15750,2028-02-28
pioneer piospan syrup,,50,1561,78050,2028-07-30
pioneer mucosolve syrup,6251875001201,250,1192,298000,2028-12-30
Desma STEROGYL 15 H,3665084000055,134,5943,796362,2027-02-02
Desma kalinor,4260139090174,174,10360,1802640,2028-06-30
on call plus,682607535217,1670,4000,6680000,2028-12-30
monteplus,8904187892927,60,13131,787860,2027-12-30
tadaur plus,4270001892614,40,9727,389080,2027-12-30
flexonal tab,,35,19570,684950,2027-10-30
MERCK Concor 10mg 30 tab,,40,12149,485960,2027-07-07
MERCK Concor 5 Plus 30 tab,,29,10335,299715,2028-04-04
MERCK Euthyrox 25mcg tab,,29,4389,127281,2027-09-12
MERCK Euthyrox 50mcg 100 tab,,26,6803,176878,2027-10-10
MERCK Glucophage 1000mg 30 Tab,,45,5705,256725,2027-11-11
MERCK Glucophage 500mg 100 Tab,,52,8822,458744,2030-01-01
MERCK Glucophage 850mg 100 Tabs,,54,13396,723384,2028-12-12
MERCK Glucophage XR 1000mg 30 Tab,,66,10973,724218,2028-03-30
MERCK Glucovance 500mg/2.5mg 30 Tab,,2,6684,13368,2027-04-04
Hikma azelast plus spray,6221000011757,6,6145,36870,2028-07-30
Hikma eticoxia 90mg,6221000011740,6,5706,34236,2027-05-30
HIKMA 123 syrup,6221000000003,290,2750,797500,2027-04-04
Hikma Actosmet 15/850,6251159045051,23,40865,939895,2028-09-30
Hikma Amoclan fort 312mg susp100ml,6251065028926,44,6584,289696,2027-05-30
Hikma Blopress 16mg,6251159026944,21,12475,261975,2027-04-30
Hikma Blopress 8mg,6251159026937,22,10108,222376,2028-10-30
Hikma Blopress Plus 16mg tab,6251159023868,44,12476,548944,2028-10-30
Hikma Blopress Plus 8mg tab,6251159023851,19,10095,191805,2028-10-30
Hikma Dexilant 30mg cap,6251159062027,22,12045,264990,2028-05-30
Hikma Dexilant 60mg cap,6251159062041,20,18622,372440,2028-05-30
Hikma Divinus 10mg,6251065050125,19,29415,558885,2028-07-30
Hikma Indicaridin 10mg,6251159031726,44,2498,109912,2028-09-30
Hikma Indicaridin 40mg,6251159031719,45,2632,118440,2028-07-30
Hikma Lowvasc 5mg,6251159031023,48,5705,273840,2028-09-30
Hikma Neo Healar Supp,6251159028450,3,4389,13167,2028-05-30
Hikma No pain D.S,6251065010570,47,2523,118581,2028-01-30
Hikma Opraozole 20mg,6251065031612,6,3963,23778,2028-05-30
Hikma ciprolon 500mg tab,6251065012994,48,2648,127104,2028-03-30
Hikma Restamine,6251065011645,120,2288,274560,2028-04-30
Hikma Zomax 200mg/5ml Susp,6251065013632,60,3292,197520,2027-05-30
Hikma Zomax 500mg tab,6251065015100,81,4372,354132,2028-09-30
ADWIA Volt Flam 50mg Granules,6223002975457,309,3358,1037622,2027-05-06
CITRO PHARMA Citro D3 300000 IU,,29,1742,50518,2027-07-30
International Diostar-Plus 160/25mg tab,6251106160769,19,10969,329070,2027-04-28
International Aeriallerg 0.5mg/1ml syrup,6251106161230,9,3511,31599,2027-11-30
International alivio nasal spary,6251106802690,18,8778,158004,2027-09-30
International Diostar 80mg 30 Tabs,6251106000195,95,7022,667090,2028-07-30
International Diostar-Plus 80/12.5mg Tabs,6251106160776,14,7459,104426,2027-02-12
International Cefodox 100mg/5ml Susp,6251106400797,27,8778,237006,2028-05-30
International Cipropharm 500mg,6251106401152,20,2523,50460,2028-11-11
International Cefodox 100mg,6251106400681,7,6038,42266,2027-07-30
International Orotix 90mg,6251106161605,37,8338,308506,2028-02-28
International Tidilor 10mg Tabs,6251106200137,25,1250,31250,2028-10-30
International combitran plus 40/10/12.5 tab,6251106804229,2,25033,50066,2027-06-30
International carvidol 6.25 mg,6251106161582,9,4167,37503,2028-06-30
International carvidol 12.5mg,6251106802218,29,5044,146276,2027-10-30
lincare paralin neuro tab,,25,4536,113400,2028-04-04
Sanofi Clomid 50 mg tab,3582910077336,10,8220,82200,2028-08-30
Sanofi Cordarone 200 mg tab,3664798006117,13,10840,140920,2028-01-30
Sanofi Doliprane 1000g Tab,3664798010466,170,4029,684930,2028-01-01
Sanofi Lantus SoloStar 100 Unit pen,,50,16076,803800,2028-10-30
Sanofi Depakine 200 mg 40 tab,3664798019735,35,4455,155925,2028-06-30
Sanofi Lasix 40 tab,3582910029267,28,1931,54068,2028-03-30
Sanofi Zympass 20/10mg tab,3664798030655,6,35664,213984,2028-08-30
Sanofi Depakine 200 mg/ml Solution,3664798019889,9,3602,32418,2028-02-28
Servier Coversyl 5mg,3664898116655,7,7462,52234,2028-08-30
Vitabiotics Osteocare 30 tab,5021265254347,19,8119,154261,2028-08-30
Vitabiotics Feroglobin B12 Syrup 200ml,5021265245765,16,10753,172048,2027-08-30
Vitabiotics Pregnacare Original 30 tab,5021265254309,22,12272,269984,2027-10-30
Cipla Foracort 200 Inhaler,8901117086197,2,14474,28948,2027-03-30
Julphar laxocodyl 10mg supp,,19,3087,58653,2028-10-30
Julphar adol 100mg drop,6291100081394,20,1646,32920,2027-03-30
Julphar adol extra tab,6291100080557,80,2135,170800,2028-04-30
Julphar alfacort 1% cream,6291100081059,20,3268,65360,2028-01-30
Julphar mebo 0.25 % ointment,6291100082711,61,9217,562237,2028-06-30
Julphar profinal 100mg susp 110ml,6291100080427,96,1976,189696,2028-06-30
Julphar Enoxirt 1g I.V,6291100081110,1120,2620,2934400,2028-12-30
Unimed Zolol 4/1 mg 30 Single doses,6192012111974,13,14726,191438,2026-08-30
SAMAPRADUEST Motax Lemon 24Lozenges,2401019703643,24,2825,67800,2027-09-09
SAMAPRADUEST Motax Orange 24Lozenges,2401019703124,19,2825,53675,2027-09-09
SAMAPRADUEST Motax Peppermint 24Lozenges,2401019703643,24,2825,67800,2027-08-08
paciclav 875mg/125mg tab,,30,4644,139320,2027-08-30
Biofarma Alarin 10mg tab,8699578010089,195,2225,433875,2027-05-30
Biofarma Travaderm 10/1 mg Cream 15g,8699578354220,99,7020,694980,2027-04-04
BioFarma Panref Pantoprazole 20mg,,3,10044,30132,2028-05-05
MIDPHARMA betixim 100mg/5ml syrup,,107,2310,247170,2027-11-30
nao pharma dephin B12 amp,5008986055538,209,13482,2817738,2028-04-30
Gland Pharma Iron Sucrose 20 mg IV amp,8903703009467,5,13294,66470,2028-07-30
Vitane Vitane Oral Drop 30 ml,4260297475943,30,7502,225060,2029-02-28
Vitane ColicEz Oral Drops 30 ml,4260297476025,69,8353,576357,2029-01-30
darnitsa drotadar 40mg tab,,40,8348,333920,2028-02-28
Doppel herz Active-Meno tab,4009932924848,6,15339,92034,2028-03-30
Doppel herz calcium 500mg tab,4009932926156,17,12737,216529,2028-10-30
Jamjoom Fluca eye drop,,37,4389,162393,2028-02-29
jamjoom optidex T,,180,3972,714960,2027-10-30
Jamjoom relaxon cap,,69,4819,332511,2028-07-07
Jamjoom lamifen 15g cream,,70,4435,310450,2027-06-30
Jamjoom Elica ointment 30g,,81,4878,395118,2028-01-30
Jamjoom Elica Cream 30g,,50,4879,243950,2028-05-30
Jamjoom dompy 10mg tab,,63,3326,209538,2029-01-30
Jamjoom acretin 0.05% 30g cream,,190,4212,800280,2027-06-30
Jamjoom acretin 0.025% 30g cream,,161,3548,571228,2027-07-30
Jamjoom xola drop,,13,7318,95134,2027-10-30
Jamjoom Elica-M 30 g Cream,,155,5706,884430,2028-02-28
Jamjoom Xolamol eye drop,,65,10635,691275,2027-02-28
Jamjoom HiQuin4% 30g cream,,109,5075,553175,2027-12-30
Jamjoom HiQuin2% 30g cream,,111,4170,462870,2028-02-29
Jamjoom Hyfresh 2 mg eye drop,,145,5297,768065,2028-12-30
Lilly Humalog 100 Kwikpen 100 Unit,,5,12981,64905,2027-11-30
Meda Reparil - Dragees,4019338607429,8,9822,78576,2030-04-30
Meda Librax 5/2.5 mg tab,4019338609645,9,7150,64350,2028-11-30
Meda Tilcotil 20 mg tab,7612626000406,13,8276,107588,2027-09-30
Meda Uralyt-U Granules,4019338607757,18,20452,368136,2029-12-30
Meiva Liormev 25mg Tab Baclofen,,10,17280,172800,2027-05-30
MinaPharm Hydroquine 200mg tab,,9,5488,49392,2028-01-30
Natures plus Hema-plex 30 softgel,807205113647,4,20451,81804,2028-09-30
Viatris Cardura 4 mg tab,,42,12128,509376,2029-05-30
viatris spasmolyte 20 mg,4019338607450,15,18610,279150,2028-03-30
Viatris Legalon Forte Cap,4019338607900,9,18980,170820,2030-07-30
Haleon Centrum Adults 30 Tab,6291109120988,13,15447,200811,2027-08-30
Accord Digoxin 125mg - 28 Tab,5055565789162,9,2872,25848,2028-11-30
Accord Letrozole 2.5 mg 28 tab,5055565759950,11,19644,216084,2028-04-30
Contour Plus Blood Glucose device,,1,15105,15105,2027-10-30
Liptis Dorofen Cap,,6,21270,127620,2028-03-30
NovoMix 30 FlexPen 100 units/ml,,20,12501,250020,2027-10-30
NovoRapid 100 IU FlexPen Aspart,,27,13000,351000,2027-12-30
mid pharma gyno-meconazol 400mg supp,,87,4013,349131,2027-02-28
flamingo spironolactone 25mg tab,5060464502668,54,6877,371358,2027-01-30
Tabuk Divido 75 mg Cap,Diclofenac,30,4389,131670,2028-01-30
Tabuk Ezipan Syrup,6285147001101,277,2633,729341,2027-01-30
Tabuk Lotevan 5/160 mg tab,,31,20223,626913,2027-08-30
Tabuk Lotevan 10/160 mg tab,,27,21158,571266,2027-02-28
Tabuk Minocet 125 mg Oral Susp,6285147002535,412,5486,2260232,2027-06-30
Tabuk toprazole 40 mg,6285147004881,25,3511,87775,2027-07-30
Tabuk herox 5mg tab,6285147001538,2,28633,57266,2027-07-30
Tabuk Rapidus 50 mg tab,6285147009367,30,2465,73950,2027-03-30
Tabuk Tabunex 0.05% nasal spray,,10,8778,87780,2027-07-30
Tabuk Tabuvan 80 mg tab,6285147004706,27,6584,177768,2028-08-30
Tabuk Tabuxib 200 mg Cap,6285147009367,47,6584,309448,2028-05-30
Tabuk Winex 200 mg 8 Cap,6285147005574,55,3160,173800,2027-07-30
Tabuk Winex 100 mg Syrup,6285147005598,485,3954,1917690,2027-08-30
Tabuk Winex 400 mg 6 Cap,6285147005581,255,3280,836400,2028-05-30
MaryCare Mary Bone Liquid D3,,7,11550,80850,2028-07-24
Neutec Alatab 600 mg,,6,11840,71040,2028-10-30
Riyadh Tilax 4 mg,,6,9363,56178,2028-07-30
galenicum rosuvitae 20mg tab,7804653721120,8,13442,107536,2028-06-30
galenicum dutamsuvitae 0.5/0.4 mg,7804653721151,3,30895,92685,2028-02-28
galenicum levevitae 1000mg tab,8437020563277,11,25197,277167,2028-10-30
galenicum rixovitae 20 mg tab,7804653721229,9,25248,227232,2028-05-30
galenicum vildavitae plus 50/1000mg,8437020563406,12,18611,223332,2027-10-30
Higeen barrad cold gel,6251007106804,50,4370,218500,2029-01-31
Higeen Harrar massage Cream,6251007104602,13,4345,56485,2029-02-28
Versalya Apiretil 100mg susp,8436530800568,76,4609,350284,2028-02-28
Versalya Ferplex 40mg vial,,142,16362,2323404,2027-12-30
Versalya Natecal D3 600mg,,9,14955,134595,2027-11-30
Versalya Ovusitol D 14 sachet,,2,24543,49086,2028-09-30
Versalya progeva 200mg vag,,24,16542,397008,2029-01-30
Versalya progeva 100mg vag,,30,16362,490860,2027-09-30
reckitt gaviscon syrup 200ml,,16,5486,87776,2028-06-30
Novalie Ondavalie 8 mg Amp,724087789275,6,15836,95016,2027-03-30
globalpharma emifenac 50 DT tab,6291103730459,58,2439,141462,2028-01-30
globalpharma gloclav 625 mg tab,6291103730053,41,8998,368918,2027-07-30
Accord Amitriptyline 25 mg tab,5055565789025,7,28250,197750,2028-09-30
Accord Atenolol 50 mg tab,5060149310076,5,24860,124300,2028-02-28
Accord Furosemide 40 mg tab,5012617009616,13,2500,32500,2029-08-30
Accord Imipramine 25 mg 28 tab,5012617010179,9,5564,50076,2028-03-30
Amdipharm NeoMercazole 5 mg tab,5060064173381,17,19100,324700,2027-07-30
APC Afra Coldin Syrup 100 ml,787907092863,30,946,28380,2028-05-30
APC Afrafast Diclofenac 50 mg,787907092870,21,7975,167475,2027-06-30
APC Dextro-afra oral rehydration salts,,11,3300,36300,2029-04-30
Atabay Enox 2000 IU syringes,8699717950016,36,5706,205416,2027-10-30
Faes Farma Dynamogen Oral Vial,8436024614527,17,20452,347684,2027-12-30
Faes Farma Potenciator 5 g Oral Vial,8436024614503,11,20452,224972,2027-10-30
Sinolead Hydrocortisone Eye 1% Oint,6957855101076,30,1100,33000,2028-11-30
Dar Aldawa Proctoheal 10 Supp,6251107378279,17,4414,75038,2027-12-30
Dar Aldawa M Doxyder 100mg-10 Cap,6251107058034,14,1855,25970,2029-10-30
Dar Aldawa Ciprodar 500 mg,6251107013026,17,2537,43129,2028-02-28
Dar Aldawa Diapride 4mg,6251107302014,20,9710,194200,2028-02-28
Dar Aldawa Diapride-M 2/500 mg,6251107424549,32,5076,162432,2027-09-30
Dar Aldawa diclofast 50 mg Powder,6251107425713,31,7724,239444,2028-08-30
Dar Aldawa Famodar 20 mg,6251107021014,22,2195,48290,2028-07-30
Dar Aldawa Famodar 40 mg,6251107022011,15,1646,24690,2028-07-30
Dar Aldawa Fluocheal 150 mg,6251107166012,35,1646,57610,2028-10-30
Dar Aldawa Hairgrow 5% Minoxidil,6251107220028,44,8828,388432,2028-07-30
Dar Aldawa Myogesic,6251107027016,3,2096,6288,2028-03-30
Dar Aldawa Vitadad D3 5000 IU,6251107424761,88,6400,563200,2027-07-30
sun pharma enhancin 1g tab,,225,6342,1426950,2027-05-30
seo tada plus (20mg+60mg) tab,4154418545762,580,7000,4060000,2028-10-10
Replek farm rebol 200mg tab,5310090005492,10,2040,20400,2028-02-28
Replek farm betasalek lotion 50ml,5310090010328,39,4845,188955,2028-08-30
Replek farm ketopain 100mg supp,5310090014814,5,7752,38760,2027-01-30
Replek farm ginolek plus,5310090014012,5,11628,58140,2027-04-30
Replek farm ginofix,5310090014005,12,9180,110160,2027-07-30
Replek farm rezithro 500mg,5310090005942,20,4080,81600,2027-05-30
Replek farm meloxilek 7.5 tab,5310090008400,34,2550,86700,2027-06-30
Replek farm meloxilek 15 tab,5310090008417,34,3315,112710,2027-06-30
Replek farm diclonac retard 100mg,5310090006918,13,3501,45513,2027-07-30
Replek farm diclonac retard 50mg,5310090006901,13,2625,34125,2027-07-30
Replek farm adolor relaxant tab,5310090011790,31,4080,126480,2027-04-30
Replek farm adolor extra tab,5310090011202,9,2040,18360,2027-12-30
Replek farm adolor cold&flu day,5310090013473,55,4080,224400,2027-05-30
Replek farm Repoxol tab,5310090005997,47,11220,527340,2029-07-30
Replek farm folna 5mg tab,5310090005447,50,2040,102000,2027-02-28
Replek farm ketopain 80mg sachets,5310090014500,22,12240,269280,2027-04-30
Replek farm lekfast 50mg sachets,5310090015392,42,13114,550788,2027-08-30
Replek farm replix 75mg tab,7314690015392,9,10200,91800,2028-06-30
Replek farm fortalek 500mg tab,5310090006802,11,3057,33627,2028-01-30
Replek farm fortalek 850mg tab,5310090006819,3,4200,12600,2028-04-30
Replek farm rekast 4mg tab,5310090006864,5,11985,59925,2027-03-30
Replek farm rekast 5mg tab,5310090015675,5,11730,58650,2027-03-30
Replek farm renazol 150mg cap,5310090005935,16,2805,44880,2029-01-30
Replek farm respolek 4mg tab,,8,10815,86520,2028-12-30
Replek farm relota 10mg tab,5310090005478,5,1996,9980,2028-03-30
Replek farm relosec 20mg cap,5310090005409,12,4200,50400,2027-04-30
Replek farm trimoksazol 480mg tab,,9,2295,20655,2027-08-30
Replek farm betalek ointment 30g,5310090010298,2,3405,6810,2028-05-30
Replek farm blsolek 5mg tab,5310090010830,14,4988,69832,2028-03-30
Replek farm blsolek 10mg tab,,2,8400,16800,2027-03-30
Replek farm blsolek 2.5mg tab,5310090010823,9,3640,32760,2028-03-30
MC dexamed 8 mg amp,,4,8778,35112,2027-07-30
Philadelphia lbuphil syrup,6251161020183,200,2220,444000,2028-05-30
Philadelphia Atopic 0.1% ointment 15g,6251161030366,3,12272,36816,2028-09-30
Philadelphia Bemo 0.25% 15 Ointment,6251161010924,28,4395,123060,2028-07-30
Philadelphia Bemo 0.25% 30 Ointment,6251161010931,14,6584,92176,2028-11-30
Philadelphia Clinaderm 30 ml Solution,6251161020312,48,2853,136944,2028-10-30
Philadelphia Crotaphil 10% Cream,6251161010160,33,2654,87582,2028-11-30
Philadelphia Dcol 400 IU drop Vit D3,6251161030205,7,5040,35280,2028-12-30
Philadelphia Gestophil 400 mg Supp,6251161030083,26,18618,484068,2028-09-30
Philadelphia Mesone 30 g Cream,6251161010474,15,4725,70875,2028-05-30
Philadelphia Metroza 0.75% Gel 15g,6251161010153,15,3731,55965,2028-10-30
Philadelphia Mycophil 30 ml Oral Susp,6251161020343,83,2415,200445,2028-10-30
Philadelphia Panthophil 150 ml Hair Tonic,6251161020091,5,8710,43550,2028-11-30
Philadelphia Panthophil 200 ml Lotion,6251161020060,12,9502,114024,2028-12-30
Philadelphia Panthophil Gold 150ml,6251161030359,8,15466,123728,2028-11-30
Philadelphia Panthophil Moisturising Cream 75 g,6251161030335,7,12669,88683,2028-09-30
Philadelphia Panthophil Wash Anti-Dry 200ml,6251161030328,2,12669,25338,2027-11-30
Philadelphia Pelargos 120 ml Syrup,6251161030113,20,5486,109720,2028-08-30
Philadelphia Philaquin Forte 4% Cream,6251161010078,59,3317,195703,2028-08-30
Philadelphia Philax 7.5 mg/ml,6251161020428,31,2546,78926,2027-12-30
Philadelphia Retrosin 4 mg Rectal Oint,6251161030243,1,18821,18821,2029-02-28
Philadelphia Sealar 30 g Cream,6251161010900,33,4795,158235,2027-12-30
Philadelphia Uciderm 15 g Cream,6251161010221,22,2879,63338,2028-11-30
Philadelphia Vocort 15 g Cream,6251161010276,59,4858,286622,2028-09-30
awtad mero panthen skin cream 30g,6253810390876,45,3461,155745,2028-07-30
awtad mero cream 30g,6253810390616,128,5518,706304,2029-11-30
Safa Flucure 400 / 2 mg Tab,9641996020125,17,14850,252450,2028-10-30
Safa Flustop Syrup,9614996011318,214,1452,310728,2027-12-30
Safa Jana Cold & Cough Syrup,9641996015411,257,1980,508860,2027-11-30
Safa kofstop Expectorant Syrup,9641996011611,244,1386,338184,2027-08-30
Safa Micazol 400 mg Vaginal Supp,9641996040413,80,2244,179520,2028-11-30
Safa Oxybutinin 1 mg/100 ml Syrup,9641996015510,8,3960,31680,2027-08-30
Safa Safadol Child 250 mg Supp,9641996040819,70,1188,83160,2028-12-30
Safa Safadol Child 250 mg Syrup,9641996015015,172,1584,272448,2027-09-30
Safa Safagyl 500 mg Tab,9641996020415,244,1056,257664,2028-07-30
Safa Safaran Syrup 100 ml,9641996014124,83,2970,246510,2027-04-30
Vltapol omepol 40mg vial,,44,5100,224400,2028-09-30
Cristto Navidoxine Tab,,106,3210,340260,2027-08-30
Gold Pharma Omega Gold Syrup 150 ml,8698751003108,96,8340,800640,2027-04-30
JWL Nefaopam 30/325 mg - 30 Tab,,118,12305,1451990,2027-11-30
Kharazmi Acetaminophen 1000 mg tab,,134,3938,527692,2030-01-30
Pfizer Neurontin 300 mg Cap,,19,15319,291061,2027-03-30
Pfizer Xalatan 0.005% Eye Drop,,21,16853,353913,2028-02-28
Norman mucibron 3mg/ml solution,8435232341645,32,7223,231136,2028-07-30
Norman amoxicillin 500mg cap,8435232317558,34,3745,127330,2028-07-30
Norman desloratadine 5mg cap,8435232316735,37,4013,148481,2027-07-30
Norman lbuprofe 400mg tab,8435232350807,9,1596,14364,2027-06-30
Biocodex stimol 1g/10ml sachet,3583313345190,8,20485,163880,2028-01-30
astera Nac 600mg sachets,8684659560225,2,15450,30900,2029-04-30
Recordati Ciprasid 500 mg tab,Ciprofloxacin,150,3090,463500,2028-10-30
Recordati Colchicum-Dispert 0.5 mg tab,Colchicine,97,11035,1070395,2028-06-30
Recordati N-Fess 10mg - 28 Coated Tab,,68,7132,484976,2028-09-30
Recordati Tinserc 16 mg tab,Betahistine,40,6584,263360,2027-08-30
Recordati Tinserc 8 mg tab,Betahistine,40,5517,220680,2027-09-30
Vita Thrive Vitamin B Complex - 30 Tab,5056129100843,84,6179,519036,2027-03-18
Vitron Megagblobin Liquid 200ml Orange,8682520191462,70,12960,907200,2028-07-30
Vitron Osteon - 30 Tab,8682520191509,79,5429,428891,2028-07-30
Substipharm ceftazidime 1g/10ml IV,3400937804127,65,5076,329940,2028-12-30
Substipharm ceftriaxone 1g/10ml IV,3400941845574,135,3425,462375,2028-12-30
liveGood Multi Vitamin+iron for wome tab,,100,7770,777000,2028-03-30
bulk peptoz 17.5 mg susp 120 ml,6251068000103,28,6584,184352,2029-04-30
bulk peptoz 17.5 mg susp 240 ml,6251068000417,3,10534,31602,2028-12-30
bulk peptoz 262mg tab,6251068000073,20,11389,227780,2028-09-30
SuKhtian hema 25 mg cap,6251068000141,13,8778,114114,2028-11-30
F.Trenka eucarbon tab,9120005550490,12,6678,80136,2029-06-30
